source,reference,prediction,mode,style_label,length_label,label,combo_label,llm_semantic_equivalence,llm_fluency,llm_diversity,llm_justification
Thiago is the father of current players Mazinho by Inter Milan and Rafinha of Bayern Munich,Thiago is the father of current players Mazinho of Inter Milan and Rafinha of Bayern Munich,Thiago is the father of both current Inter Milan player Mazinho and Bayern Munich defender Rafinha.,zero_shot,CONSERVATIVE,SAME,1,[SAME] [CONSERVATIVE],4,5,4,"The paraphrase maintains the core meaning of the source sentence while introducing slight nuances, such as specifying Rafinha as a defender. The sentence is fluent and grammatically correct, with meaningful rephrasing that avoids being too similar to the original."
""" Sidewalk "" magazine helped to create the careers of characters such as Olly Todd  John Rattray  Stuart Graham  Benny Fairfax  Brian Sumner and more",""" Sidewalk "" Magazine has helped spawn the careers of characters such as Brian Sumner  Benny Fairfax  Olly Todd  John Rattray  Stuart Graham and more","""Sidewalk"" magazine played a role in shaping the lives of figures like Olly Todd, John Rattray, Stuart Graham, Benny Fairfax, and Brian Sumner.",zero_shot,CREATIVE,SAME,1,[SAME] [CREATIVE],4,5,4,"The paraphrase maintains the core meaning of the source sentence while using different wording and structure. It captures the essence of 'creating careers' as 'shaping the lives' of the individuals mentioned, which is a minor nuance difference. The paraphrase is fluent and grammatically correct, with meaningful rephrasing that shows clear variation from the source."
The winning Mike McEwen team represented Ottawa at the 2016 Tim Hortons Brier in Manitoba,The winning team from Mike McEwen represented Ottawa in the Tim Hortons Brier 2016 in Manitoba,The victorious Mike McEwen squad participated in the 2016 Tim Hortons Brier event held in Manitoba.,zero_shot,CONSERVATIVE,SAME,1,[SAME] [CONSERVATIVE],5,5,4,"The paraphrase maintains the original meaning, is fluent and grammatically correct, and while it uses different words, the overall structure and intent are similar, showing meaningful rephrasing."
It was owned locally by Walter Stiles ' Albert M. Cadwell,It was locally owned by Walter Stiles & Albert M. Cadwell,The property was managed by Walter Stiles and Albert M. Cadwell.,zero_shot,CONSERVATIVE,SAME,1,[SAME] [CONSERVATIVE],3,5,4,"The paraphrase conveys a similar idea but changes the ownership to management, which alters the meaning slightly. The sentence is fluent and well-structured, with meaningful rephrasing."
Susannah Louisa Barnett married Lorenzo Giuntini on 11 September 1866 in Frome  Somerset and had 8 children,Louisa Barnett married Lorenzo Giuntini in Frome  Somerset on 11 September 1866 and got 8 children,"Susannah Louisa Barnett wedded Lorenzo Giuntini on September 11, 1866, in Frome, Somerset, and bore eight offspring.",zero_shot,CREATIVE,SAME,1,[SAME] [CREATIVE],5,5,4,"The paraphrase maintains the original meaning with slight variations in wording, such as 'wedded' instead of 'married' and 'eight offspring' instead of '8 children'. It is fluent and grammatically correct."
Wiliam Way was born in the Diocese of Exeter about c. 1560  Bishop Richard Challoner said he was born in Cornwall  and earlier authorities say in Devonshire,Around 1560  Wiliam Way was born in the Diocese of Exeter  bishop Richard Challoner said he was born in Cornwall  and former authorities say in Devonshire,"William Way was baptized in the Diocese of Exeter around 1560. According to Bishop Richard Challoner, he was born in Cornwall, while some previous records indicate his birthplace was Devonshire.",zero_shot,CONSERVATIVE,SAME,1,[SAME] [CONSERVATIVE],4,5,4,"The paraphrase maintains the core meaning of the source, noting the birthplace and differing accounts, but changes 'born' to 'baptized' which introduces a slight nuance. The phrasing is fluent and well-structured, with meaningful rewording that preserves the original intent."
In 1948 he moved to Cyprus  to England in 1958,In 1948 he moved to Cyprus  in 1958 to England,"In 1948, he relocated to Cyprus from England in 1958.",zero_shot,CONSERVATIVE,SAME,1,[SAME] [CONSERVATIVE],2,4,3,"The paraphrase changes the order of the locations and implies a different timeline, which alters the meaning significantly. While it is fluent and has some rewording, the core information is not preserved accurately."
It was produced by Cameron Crain  Richard Shelgren and Kamala Lopez and directed by Kamala Lopez,Kamala Lopez directed and produced by Cameron Crain  Richard Shelgren and Kamala Lopez,"The film was created by Cameron Crain, Richard Shelgren, and Kamala Lopez, with Kamala Lopez also directing it.",zero_shot,CREATIVE,SHORT,1,[SHORT] [CREATIVE],5,5,4,"The paraphrase maintains the original meaning, is grammatically correct and fluent, and while it has some variation in wording, it closely follows the structure of the source."
Both traced the continuing influence on literary and cultural studies of the kinds of cultural materialism developed by Williams and his successors,Both highlighted the continuing influence of the forms of cultural materialism developed by Williams and his successors on literary and cultural studies,Both examined how Williams' cultural materialism continues to shape literature and culture today.,zero_shot,CREATIVE,SAME,1,[SAME] [CREATIVE],4,5,4,"The paraphrase captures the essence of the source by conveying the ongoing influence of Williams' cultural materialism on literature and culture, though it simplifies the original phrasing. The fluency is high, and there is meaningful rephrasing, but it retains the core meaning."
Ricardo Lingan Baccay was ordained priest by Diosdado Aenlle Talamayan on April 10  1987,Ricardo Lingan Baccay was ordained a priest on April 10  1987 by Diosdado Aenlle Talamayan,"Ricardo Lingan Baccay received his priesthood from Diosdado Aenlle Talamayan on April 10, 1987.",zero_shot,CONSERVATIVE,SAME,1,[SAME] [CONSERVATIVE],5,5,4,"The paraphrase maintains the original meaning, is grammatically correct and fluent, and while it uses different wording, it still conveys the same essential information about the ordination of Ricardo Lingan Baccay."
